# rand1,rand2,rand3,rand4
1.62434536,-0.61175641,-0.52817175,-1.07296862
0.86540763,-2.30153870,1.74481176,-0.76120690
0.31903910,-0.24937038,1.46210794,-2.06014071
